p, role:default/developer, catalog-entity, read, allow
p, role:default/developer, catalog.entity.create, create, allow
p, role:default/developer, catalog.entity.refresh, update, allow
p, role:default/developer, scaffolder.template.use, use, allow
p, role:default/developer, scaffolder.template.parameter.read, read, allow
p, role:default/developer, scaffolder.template.step.read, read, allow
p, role:default/developer, scaffolder.action.execute, use, allow
p, role:default/developer, scaffolder.task.create, create, allow
p, role:default/developer, scaffolder.task.read, read, allow
p, role:default/developer, scaffolder.task.cancel, update, allow
g, group:default/developers, role:default/developer
g, group:default/app-owners, role:default/developer
